"","lat","lon","elevation","time","t","delta.lat","delta.lon"
"1",39.189586,-96.579581,324.735994549468,2024-02-06 12:27:52,0,0,0
"2",39.189586,-96.579581,324.722761410289,2024-02-06 12:27:53,1,0,0
"3",39.189582,-96.579579,324.714868531562,2024-02-06 12:27:54,2,-3.9999999970064e-06,2.00000000916134e-06
"4",39.189576,-96.579576,324.70492835436,2024-02-06 12:27:55,3,-9.99999999606871e-06,5.00000000158707e-06
"5",39.18957,-96.579571,324.694066987373,2024-02-06 12:27:56,4,-1.5999999995131e-05,1.00000000031741e-05
"6",39.189564,-96.579566,324.681601475924,2024-02-06 12:27:57,5,-2.20000000012988e-05,1.50000000047612e-05
"7",39.189557,-96.579561,324.668367302045,2024-02-06 12:27:58,6,-2.89999999978363e-05,2.00000000063483e-05
"8",39.18955,-96.579553,324.654475074261,2024-02-06 12:27:59,7,-3.60000000014793e-05,2.80000000003611e-05
"9",39.189544,-96.579545,324.639534501359,2024-02-06 12:28:00,8,-4.20000000005416e-05,3.60000000085847e-05
"10",39.189538,-96.579537,324.622257372364,2024-02-06 12:28:01,9,-4.79999999996039e-05,4.40000000025975e-05
"11",39.189531,-96.579529,324.604021801613,2024-02-06 12:28:02,10,-5.49999999961415e-05,5.20000000108212e-05
"12",39.189524,-96.57952,324.584783807397,2024-02-06 12:28:03,11,-6.19999999997844e-05,6.10000000023092e-05
"13",39.189517,-96.579511,324.564545482397,2024-02-06 12:28:04,12,-6.8999999996322e-05,7.00000000080081e-05
"14",39.18951,-96.579502,324.542625529692,2024-02-06 12:28:05,13,-7.5999999999965e-05,7.89999999994961e-05
"15",39.189503,-96.579493,324.517891784199,2024-02-06 12:28:06,14,-8.29999999965025e-05,8.8000000005195e-05
"16",39.189495,-96.579484,324.490889153443,2024-02-06 12:28:07,15,-9.09999999976208e-05,9.70000000108939e-05
"17",39.189487,-96.579473,324.460524144582,2024-02-06 12:28:08,16,-9.8999999998739e-05,0.000108000000011543
"18",39.189479,-96.579462,324.426474794745,2024-02-06 12:28:09,17,-0.000106999999999857,0.000118999999997982
"19",39.189471,-96.579452,324.38784560468,2024-02-06 12:28:10,18,-0.000115000000000975,0.000129000000001156
"20",39.189463,-96.579441,324.344519702718,2024-02-06 12:28:11,19,-0.000122999999994988,0.000140000000001805
"21",39.189454,-96.579432,324.296304597519,2024-02-06 12:28:12,20,-0.000132000000000687,0.000149000000007504
"22",39.189445,-96.579423,324.242896689102,2024-02-06 12:28:13,21,-0.000140999999999281,0.000157999999998992
"23",39.189435,-96.579414,324.184413547628,2024-02-06 12:28:14,22,-0.000150999999995349,0.000167000000004691
"24",39.189426,-96.579405,324.119944588281,2024-02-06 12:28:15,23,-0.000160000000001048,0.00017600000001039
"25",39.189418,-96.579395,324.048231656663,2024-02-06 12:28:16,24,-0.000167999999995061,0.000185999999999353
"26",39.189412,-96.579383,323.968991515227,2024-02-06 12:28:17,25,-0.000174000000001229,0.000197999999997478
"27",39.189406,-96.57937,323.885734055191,2024-02-06 12:28:18,26,-0.000180000000000291,0.000211000000007289
"28",39.189401,-96.579356,323.801879892126,2024-02-06 12:28:19,27,-0.000185000000001878,0.000225000000000364
"29",39.189396,-96.579342,323.713038939051,2024-02-06 12:28:20,28,-0.00018999999999636,0.00023900000000765
"30",39.189392,-96.579327,323.618425836787,2024-02-06 12:28:21,29,-0.000194000000000472,0.0002539999999982
"31",39.189389,-96.579312,323.514843499288,2024-02-06 12:28:22,30,-0.000197000000000003,0.000269000000002961
"32",39.189385,-96.579297,323.421505082399,2024-02-06 12:28:23,31,-0.000200999999997009,0.000284000000007723
"33",39.18938,-96.579284,323.328547754325,2024-02-06 12:28:24,32,-0.000205999999998596,0.000297000000003322
"34",39.189375,-96.57927,323.234391163103,2024-02-06 12:28:25,33,-0.000211000000000183,0.000311000000010608
"35",39.189369,-96.579257,323.141214216128,2024-02-06 12:28:26,34,-0.000216999999999246,0.000324000000006208
"36",39.189362,-96.579244,323.054583668709,2024-02-06 12:28:27,35,-0.000223999999995783,0.000337000000001808
"37",39.189352,-96.579232,322.955692009069,2024-02-06 12:28:28,36,-0.000233999999998957,0.000348999999999933
"38",39.189343,-96.57922,322.849646124989,2024-02-06 12:28:29,37,-0.000242999999997551,0.000360999999998057
"39",39.189333,-96.579209,322.737145879306,2024-02-06 12:28:30,38,-0.000253000000000725,0.000371999999998707
"40",39.189323,-96.579199,322.619480491616,2024-02-06 12:28:31,39,-0.000262999999996794,0.000382000000001881
"41",39.189313,-96.579188,322.492633862421,2024-02-06 12:28:32,40,-0.000272999999999968,0.00039300000000253
"42",39.189304,-96.579178,322.37287492957,2024-02-06 12:28:33,41,-0.000281999999998561,0.000403000000005704
"43",39.189294,-96.579167,322.256843893789,2024-02-06 12:28:34,42,-0.000292000000001735,0.000414000000006354
"44",39.189285,-96.579155,322.141710857861,2024-02-06 12:28:35,43,-0.000301000000000329,0.000426000000004478
"45",39.189276,-96.579142,322.021263555624,2024-02-06 12:28:36,44,-0.000309999999998922,0.000439000000000078
"46",39.189267,-96.579129,321.905233226717,2024-02-06 12:28:37,45,-0.000318999999997516,0.000452000000009889
"47",39.189259,-96.579117,321.77724575717,2024-02-06 12:28:38,46,-0.000326999999998634,0.000464000000008014
"48",39.18925,-96.579106,321.64183121454,2024-02-06 12:28:39,47,-0.000335999999997227,0.000475000000008663
"49",39.189241,-96.579096,321.525998111814,2024-02-06 12:28:40,48,-0.000344999999995821,0.000484999999997626
"50",39.189232,-96.579088,321.406820570119,2024-02-06 12:28:41,49,-0.00035400000000152,0.00049300000000585
"51",39.189223,-96.579081,321.288408923894,2024-02-06 12:28:42,50,-0.000363000000000113,0.000500000000002387
"52",39.189215,-96.579074,321.174645719118,2024-02-06 12:28:43,51,-0.000371000000001231,0.000506999999998925
"53",39.189206,-96.579066,321.052334451117,2024-02-06 12:28:44,52,-0.000379999999999825,0.000515000000007149
"54",39.189197,-96.579057,320.942214298993,2024-02-06 12:28:45,53,-0.000388999999998418,0.000523999999998637
"55",39.189189,-96.579047,320.825785298832,2024-02-06 12:28:46,54,-0.000396999999999537,0.000534000000001811
"56",39.189181,-96.579038,320.708955829032,2024-02-06 12:28:47,55,-0.000405000000000655,0.00054300000000751
"57",39.189173,-96.579029,320.601235850714,2024-02-06 12:28:48,56,-0.000413000000001773,0.000551999999998998
"58",39.189164,-96.57902,320.508024389856,2024-02-06 12:28:49,57,-0.000422000000000367,0.000561000000004697
"59",39.189155,-96.579011,320.42669965513,2024-02-06 12:28:50,58,-0.00043099999999896,0.000570000000010396
"60",39.189145,-96.579002,320.369163917378,2024-02-06 12:28:51,59,-0.000440999999995029,0.000579000000001884
"61",39.189136,-96.578994,320.321751529351,2024-02-06 12:28:52,60,-0.000450000000000728,0.000587000000010107
"62",39.189126,-96.578987,320.274927052669,2024-02-06 12:28:53,61,-0.000459999999996796,0.000594000000006645
"63",39.189117,-96.578981,320.224682661705,2024-02-06 12:28:54,62,-0.00046899999999539,0.000600000000005707
"64",39.189107,-96.578974,320.168719500303,2024-02-06 12:28:55,63,-0.000478999999998564,0.000607000000002245
"65",39.189097,-96.578968,320.121271125972,2024-02-06 12:28:56,64,-0.000489000000001738,0.000613000000001307
"66",39.189087,-96.578963,320.081645716913,2024-02-06 12:28:57,65,-0.000498999999997807,0.000618000000002894
"67",39.189077,-96.578959,320.037162477151,2024-02-06 12:28:58,66,-0.000509000000000981,0.000622000000007006
"68",39.189066,-96.578956,319.983890198171,2024-02-06 12:28:59,67,-0.00052000000000163,0.000624999999999432
"69",39.189055,-96.578954,319.941797406413,2024-02-06 12:29:00,68,-0.000530999999995174,0.000627000000008593
"70",39.189043,-96.578953,319.897482936271,2024-02-06 12:29:01,69,-0.000543000000000404,0.000628000000006068
"71",39.189029,-96.578952,319.860247236677,2024-02-06 12:29:02,70,-0.000557000000000585,0.000629000000003543
"72",39.189017,-96.578951,319.824531828985,2024-02-06 12:29:03,71,-0.000568999999998709,0.000630000000001019
"73",39.189006,-96.57895,319.781383061782,2024-02-06 12:29:04,72,-0.000579999999999359,0.000630999999998494
"74",39.188996,-96.578949,319.736611278728,2024-02-06 12:29:05,73,-0.000589999999995428,0.00063200000001018
"75",39.188987,-96.578947,319.689357033931,2024-02-06 12:29:06,74,-0.000599000000001126,0.00063400000000513
"76",39.188979,-96.578946,319.644483515993,2024-02-06 12:29:07,75,-0.000606999999995139,0.000635000000002606
"77",39.18897,-96.578944,319.60736724548,2024-02-06 12:29:08,76,-0.000616000000000838,0.000636999999997556
"78",39.188958,-96.578941,319.575525325723,2024-02-06 12:29:09,77,-0.000627999999998963,0.000640000000004193
"79",39.188946,-96.578937,319.545915532857,2024-02-06 12:29:10,78,-0.000639999999997087,0.000644000000008305
"80",39.188935,-96.578932,319.516326671466,2024-02-06 12:29:11,79,-0.000650999999997737,0.000649000000009892
"81",39.188923,-96.578927,319.492240903899,2024-02-06 12:29:12,80,-0.000662999999995861,0.000654000000011479
"82",39.188911,-96.578921,319.472072506323,2024-02-06 12:29:13,81,-0.000675000000001091,0.000660000000010541
"83",39.1889,-96.578915,319.447067635134,2024-02-06 12:29:14,82,-0.000686000000001741,0.000666000000009603
"84",39.188888,-96.578908,319.40759875346,2024-02-06 12:29:15,83,-0.000697999999999865,0.000673000000006141
"85",39.188877,-96.578902,319.367591187358,2024-02-06 12:29:16,84,-0.000709000000000515,0.000679000000005203
"86",39.188866,-96.578895,319.31071678549,2024-02-06 12:29:17,85,-0.000720000000001164,0.000686000000001741
"87",39.188854,-96.578887,319.249156347476,2024-02-06 12:29:18,86,-0.000731999999999289,0.000694000000009964
"88",39.188843,-96.57888,319.186141277663,2024-02-06 12:29:19,87,-0.000742999999999938,0.000701000000006502
"89",39.188831,-96.578873,319.113405934535,2024-02-06 12:29:20,88,-0.000754999999998063,0.00070800000000304
"90",39.18882,-96.578867,319.030557566322,2024-02-06 12:29:21,89,-0.000765999999998712,0.000714000000002102
"91",39.188808,-96.578861,318.949958075769,2024-02-06 12:29:22,90,-0.000777999999996837,0.000720000000001164
"92",39.188797,-96.578856,318.869905321859,2024-02-06 12:29:23,91,-0.000788999999997486,0.000725000000002751
"93",39.188787,-96.578851,318.791233321652,2024-02-06 12:29:24,92,-0.00079900000000066,0.000730000000004338
"94",39.188776,-96.578846,318.717705255374,2024-02-06 12:29:25,93,-0.00081000000000131,0.000735000000005925
"95",39.188764,-96.578841,318.649577883072,2024-02-06 12:29:26,94,-0.000821999999999434,0.000740000000007512
"96",39.188753,-96.578836,318.576933342032,2024-02-06 12:29:27,95,-0.000833000000000084,0.0007450000000091
"97",39.188741,-96.578832,318.507326636463,2024-02-06 12:29:28,96,-0.000844999999998208,0.000748999999999
"98",39.188729,-96.578828,318.455388315022,2024-02-06 12:29:29,97,-0.000856999999996333,0.000753000000003112
"99",39.188716,-96.578825,318.393629960716,2024-02-06 12:29:30,98,-0.000869999999999038,0.000756000000009749
"100",39.188703,-96.578824,318.333289146423,2024-02-06 12:29:31,99,-0.000883000000001744,0.000757000000007224
"101",39.188691,-96.578823,318.278479661793,2024-02-06 12:29:32,100,-0.000894999999999868,0.000758000000004699
"102",39.188678,-96.578825,318.221213135868,2024-02-06 12:29:33,101,-0.000907999999995468,0.000756000000009749
"103",39.188666,-96.578826,318.159663983621,2024-02-06 12:29:34,102,-0.000920000000000698,0.000754999999998063
"104",39.188655,-96.578829,318.093801768497,2024-02-06 12:29:35,103,-0.000931000000001347,0.000752000000005637
"105",39.188643,-96.578831,318.016041121446,2024-02-06 12:29:36,104,-0.000942999999999472,0.000750000000010687
"106",39.188633,-96.578833,317.935700449161,2024-02-06 12:29:37,105,-0.000952999999995541,0.000748000000001525
"107",39.188622,-96.578835,317.849576585926,2024-02-06 12:29:38,106,-0.00096399999999619,0.000746000000006575
"108",39.18861,-96.578836,317.756533575244,2024-02-06 12:29:39,107,-0.00097600000000142,0.0007450000000091
"109",39.188599,-96.578838,317.654625128023,2024-02-06 12:29:40,108,-0.000986999999994964,0.000742999999999938
"110",39.188588,-96.578841,317.553337013349,2024-02-06 12:29:41,109,-0.000997999999995614,0.000740000000007512
"111",39.188576,-96.578844,317.461866909638,2024-02-06 12:29:42,110,-0.00101000000000084,0.000737000000000876
"112",39.188564,-96.578847,317.388081744313,2024-02-06 12:29:43,111,-0.00102199999999897,0.00073400000000845
"113",39.188553,-96.578849,317.321218108758,2024-02-06 12:29:44,112,-0.00103299999999962,0.000731999999999289
"114",39.188541,-96.578851,317.267191791907,2024-02-06 12:29:45,113,-0.00104499999999774,0.000730000000004338
"115",39.18853,-96.578853,317.221127691679,2024-02-06 12:29:46,114,-0.00105599999999839,0.000728000000009388
"116",39.188518,-96.578856,317.193483311683,2024-02-06 12:29:47,115,-0.00106799999999652,0.000725000000002751
"117",39.188506,-96.578858,317.181613641791,2024-02-06 12:29:48,116,-0.00108000000000175,0.000723000000007801
"118",39.188495,-96.578861,317.166304052807,2024-02-06 12:29:49,117,-0.00109099999999529,0.000720000000001164
"119",39.188484,-96.578863,317.168879236095,2024-02-06 12:29:50,118,-0.00110199999999594,0.000718000000006214
"120",39.188472,-96.578866,317.180431588553,2024-02-06 12:29:51,119,-0.00111400000000117,0.000714999999999577
"121",39.18846,-96.578869,317.179804789834,2024-02-06 12:29:52,120,-0.00112599999999929,0.000712000000007151
"122",39.188448,-96.578872,317.179885927588,2024-02-06 12:29:53,121,-0.00113799999999742,0.000709000000000515
"123",39.188436,-96.578875,317.1831453247,2024-02-06 12:29:54,122,-0.00114999999999554,0.000706000000008089
"124",39.188424,-96.578878,317.184772982262,2024-02-06 12:29:55,123,-0.00116200000000077,0.000703000000001452
"125",39.188412,-96.578882,317.191634448245,2024-02-06 12:29:56,124,-0.0011739999999989,0.000699000000011551
"126",39.1884,-96.578885,317.203055975027,2024-02-06 12:29:57,125,-0.00118599999999702,0.000696000000004915
"127",39.188389,-96.578886,317.200891849585,2024-02-06 12:29:58,126,-0.00119699999999767,0.00069500000000744
"128",39.188379,-96.578886,317.192913716659,2024-02-06 12:29:59,127,-0.00120700000000085,0.00069500000000744
"129",39.188368,-96.578886,317.190336296335,2024-02-06 12:30:00,128,-0.0012180000000015,0.00069500000000744
"130",39.188357,-96.578885,317.195416174829,2024-02-06 12:30:01,129,-0.00122899999999504,0.000696000000004915
"131",39.188347,-96.578886,317.191514894366,2024-02-06 12:30:02,130,-0.00123899999999821,0.00069500000000744
"132",39.188336,-96.578886,317.196101170033,2024-02-06 12:30:03,131,-0.00124999999999886,0.00069500000000744
"133",39.188325,-96.578886,317.203259036876,2024-02-06 12:30:04,132,-0.00126099999999951,0.00069500000000744
"134",39.188314,-96.578885,317.225899328478,2024-02-06 12:30:05,133,-0.00127200000000016,0.000696000000004915
"135",39.188303,-96.578885,317.261102300137,2024-02-06 12:30:06,134,-0.00128300000000081,0.000696000000004915
"136",39.188292,-96.578884,317.303300807253,2024-02-06 12:30:07,135,-0.00129400000000146,0.00069700000000239
"137",39.188281,-96.578884,317.344292889349,2024-02-06 12:30:08,136,-0.001304999999995,0.00069700000000239
"138",39.18827,-96.578884,317.389814173803,2024-02-06 12:30:09,137,-0.00131599999999565,0.00069700000000239
"139",39.188259,-96.578884,317.445009227842,2024-02-06 12:30:10,138,-0.0013269999999963,0.00069700000000239
"140",39.188247,-96.578884,317.504384910688,2024-02-06 12:30:11,139,-0.00133900000000153,0.00069700000000239
"141",39.188236,-96.578885,317.560661752708,2024-02-06 12:30:12,140,-0.00134999999999508,0.000696000000004915
"142",39.188225,-96.578887,317.62583835423,2024-02-06 12:30:13,141,-0.00136099999999573,0.000694000000009964
"143",39.188213,-96.57889,317.697801305912,2024-02-06 12:30:14,142,-0.00137300000000096,0.000691000000003328
"144",39.188201,-96.578894,317.768802301958,2024-02-06 12:30:15,143,-0.00138499999999908,0.000686999999999216
"145",39.188189,-96.578899,317.834902633913,2024-02-06 12:30:16,144,-0.00139699999999721,0.000681999999997629
"146",39.188178,-96.578906,317.887159455568,2024-02-06 12:30:17,145,-0.00140799999999786,0.000675000000001091
"147",39.188167,-96.578915,317.92987762671,2024-02-06 12:30:18,146,-0.0014189999999985,0.000666000000009603
"148",39.188156,-96.578926,317.969781103544,2024-02-06 12:30:19,147,-0.00142999999999915,0.000655000000008954
"149",39.188147,-96.578939,318.006016125903,2024-02-06 12:30:20,148,-0.00143899999999775,0.000641999999999143
"150",39.188137,-96.578951,318.030364568345,2024-02-06 12:30:21,149,-0.00144900000000092,0.000630000000001019
"151",39.188127,-96.578963,318.058876563795,2024-02-06 12:30:22,150,-0.00145899999999699,0.000618000000002894
"152",39.188118,-96.578973,318.07977309823,2024-02-06 12:30:23,151,-0.00146799999999558,0.00060799999999972
"153",39.188109,-96.578982,318.096167448908,2024-02-06 12:30:24,152,-0.00147700000000128,0.000599000000008232
"154",39.1881,-96.57899,318.102024578489,2024-02-06 12:30:25,153,-0.00148599999999988,0.000591000000000008
"155",39.188092,-96.578997,318.112337226048,2024-02-06 12:30:26,154,-0.00149400000000099,0.000584000000003471
"156",39.188084,-96.579001,318.109765693545,2024-02-06 12:30:27,155,-0.00150199999999501,0.000579999999999359
"157",39.188074,-96.579002,318.100898988545,2024-02-06 12:30:28,156,-0.00151199999999818,0.000579000000001884
"158",39.188065,-96.579001,318.084898563102,2024-02-06 12:30:29,157,-0.00152099999999677,0.000579999999999359
"159",39.188055,-96.578998,318.069497348741,2024-02-06 12:30:30,158,-0.00153099999999995,0.000583000000005995
"160",39.188045,-96.578992,318.048692865297,2024-02-06 12:30:31,159,-0.00154099999999602,0.000589000000005058
"161",39.188034,-96.578986,318.021582297981,2024-02-06 12:30:32,160,-0.00155199999999667,0.00059500000000412
"162",39.188025,-96.578978,317.997059033252,2024-02-06 12:30:33,161,-0.00156099999999526,0.000602999999998133
"163",39.188016,-96.57897,317.973410400562,2024-02-06 12:30:34,162,-0.00157000000000096,0.000611000000006356
"164",39.188008,-96.578961,317.94902604539,2024-02-06 12:30:35,163,-0.00157799999999497,0.000619999999997844
"165",39.187999,-96.578951,317.931681703776,2024-02-06 12:30:36,164,-0.00158700000000067,0.000630000000001019
"166",39.187989,-96.578939,317.914472718723,2024-02-06 12:30:37,165,-0.00159699999999674,0.000641999999999143
"167",39.187979,-96.578927,317.902555355802,2024-02-06 12:30:38,166,-0.00160699999999991,0.000654000000011479
"168",39.187969,-96.578914,317.893653020263,2024-02-06 12:30:39,167,-0.00161699999999598,0.000667000000007079
"169",39.187959,-96.578902,317.896052212454,2024-02-06 12:30:40,168,-0.00162699999999916,0.000679000000005203
"170",39.187949,-96.578889,317.906860826537,2024-02-06 12:30:41,169,-0.00163699999999523,0.000692000000000803
"171",39.187938,-96.578878,317.916699470952,2024-02-06 12:30:42,170,-0.00164799999999587,0.000703000000001452
"172",39.187928,-96.578867,317.931202512234,2024-02-06 12:30:43,171,-0.00165799999999905,0.000714000000002102
"173",39.187919,-96.578856,317.963460524566,2024-02-06 12:30:44,172,-0.00166699999999764,0.000725000000002751
"174",39.187909,-96.578844,317.999210751615,2024-02-06 12:30:45,173,-0.00167700000000082,0.000737000000000876
"175",39.187899,-96.578832,318.037328789942,2024-02-06 12:30:46,174,-0.00168699999999689,0.000748999999999
"176",39.187889,-96.578821,318.072459255345,2024-02-06 12:30:47,175,-0.00169700000000006,0.00075999999999965
"177",39.187879,-96.578812,318.109349686652,2024-02-06 12:30:48,176,-0.00170699999999613,0.000769000000005349
"178",39.187869,-96.578803,318.14463063702,2024-02-06 12:30:49,177,-0.0017169999999993,0.000778000000011048
"179",39.187858,-96.578794,318.170230495743,2024-02-06 12:30:50,178,-0.00172799999999995,0.000787000000002536
"180",39.187846,-96.578785,318.194916791283,2024-02-06 12:30:51,179,-0.00173999999999808,0.000796000000008235
"181",39.187834,-96.578777,318.214513610117,2024-02-06 12:30:52,180,-0.0017519999999962,0.000804000000002247
"182",39.187822,-96.578771,318.224321958609,2024-02-06 12:30:53,181,-0.00176400000000143,0.00081000000000131
"183",39.18781,-96.578767,318.224153198302,2024-02-06 12:30:54,182,-0.00177599999999956,0.000814000000005421
"184",39.187798,-96.578764,318.221158509143,2024-02-06 12:30:55,183,-0.00178799999999768,0.000816999999997847
"185",39.187786,-96.578762,318.206391300075,2024-02-06 12:30:56,184,-0.0017999999999958,0.000819000000007009
"186",39.187774,-96.578761,318.179955268279,2024-02-06 12:30:57,185,-0.00181200000000104,0.000820000000004484
"187",39.187761,-96.57876,318.145507643931,2024-02-06 12:30:58,186,-0.00182499999999663,0.000821000000001959
"188",39.187749,-96.578759,318.10701641161,2024-02-06 12:30:59,187,-0.00183700000000186,0.000821999999999434
"189",39.187738,-96.578758,318.064836462028,2024-02-06 12:31:00,188,-0.00184799999999541,0.00082300000001112
"190",39.187727,-96.578758,318.018469530158,2024-02-06 12:31:01,189,-0.00185899999999606,0.00082300000001112
"191",39.187716,-96.578758,317.975851917639,2024-02-06 12:31:02,190,-0.00186999999999671,0.00082300000001112
"192",39.187706,-96.578757,317.926825616509,2024-02-06 12:31:03,191,-0.00187999999999988,0.000824000000008596
"193",39.187695,-96.578756,317.874051276594,2024-02-06 12:31:04,192,-0.00189100000000053,0.000825000000006071
"194",39.187684,-96.578755,317.815096992068,2024-02-06 12:31:05,193,-0.00190200000000118,0.000826000000003546
"195",39.187673,-96.578754,317.751317267306,2024-02-06 12:31:06,194,-0.00191300000000183,0.000827000000001021
"196",39.187663,-96.578753,317.689054452814,2024-02-06 12:31:07,195,-0.0019229999999979,0.000827999999998497
"197",39.187652,-96.578752,317.621635097079,2024-02-06 12:31:08,196,-0.00193399999999855,0.000829000000010183
"198",39.187641,-96.57875,317.550883502699,2024-02-06 12:31:09,197,-0.0019449999999992,0.000831000000005133
"199",39.187628,-96.578748,317.464773793705,2024-02-06 12:31:10,198,-0.0019580000000019,0.000833000000000084
"200",39.187615,-96.578745,317.378163678572,2024-02-06 12:31:11,199,-0.0019709999999975,0.00083600000000672
"201",39.187603,-96.578743,317.288228668272,2024-02-06 12:31:12,200,-0.00198299999999563,0.000838000000001671
"202",39.187591,-96.578741,317.20039525535,2024-02-06 12:31:13,201,-0.00199500000000086,0.000840000000010832
"203",39.187579,-96.57874,317.109865573235,2024-02-06 12:31:14,202,-0.00200699999999898,0.000841000000008307
"204",39.187568,-96.578738,317.02049994655,2024-02-06 12:31:15,203,-0.00201799999999963,0.000843000000003258
"205",39.187557,-96.578737,316.9279161999,2024-02-06 12:31:16,204,-0.00202900000000028,0.000844000000000733
"206",39.187547,-96.578734,316.841202327982,2024-02-06 12:31:17,205,-0.00203899999999635,0.00084700000000737
"207",39.187536,-96.578732,316.758271690458,2024-02-06 12:31:18,206,-0.002049999999997,0.00084900000000232
"208",39.187526,-96.578729,316.68151459936,2024-02-06 12:31:19,207,-0.00206000000000017,0.000852000000008957
"209",39.187515,-96.578726,316.607835239731,2024-02-06 12:31:20,208,-0.00207100000000082,0.000855000000001382
"210",39.187504,-96.578722,316.544086398557,2024-02-06 12:31:21,209,-0.00208200000000147,0.000859000000005494
"211",39.187493,-96.578719,316.490723415278,2024-02-06 12:31:22,210,-0.00209299999999502,0.00086199999999792
"212",39.187482,-96.578714,316.445348245092,2024-02-06 12:31:23,211,-0.00210399999999566,0.000866999999999507
"213",39.187471,-96.578709,316.421617160551,2024-02-06 12:31:24,212,-0.00211499999999631,0.000872000000001094
"214",39.18746,-96.578704,316.398953407072,2024-02-06 12:31:25,213,-0.00212599999999696,0.000877000000002681
"215",39.187449,-96.578699,316.396452836692,2024-02-06 12:31:26,214,-0.00213699999999761,0.000882000000004268
"216",39.187439,-96.578695,316.407373208553,2024-02-06 12:31:27,215,-0.00214700000000079,0.00088600000000838
"217",39.187429,-96.57869,316.444571431726,2024-02-06 12:31:28,216,-0.00215699999999686,0.000891000000009967
"218",39.187421,-96.578686,316.489941369742,2024-02-06 12:31:29,217,-0.00216499999999797,0.000894999999999868
"219",39.187413,-96.578682,316.547027222812,2024-02-06 12:31:30,218,-0.00217299999999909,0.00089900000000398
"220",39.187406,-96.578678,316.607882224955,2024-02-06 12:31:31,219,-0.00217999999999563,0.000903000000008092
"221",39.187399,-96.578673,316.668392971158,2024-02-06 12:31:32,220,-0.00218699999999927,0.000908000000009679
"222",39.187391,-96.578668,316.725230793469,2024-02-06 12:31:33,221,-0.00219500000000039,0.000913000000011266
"223",39.187383,-96.578662,316.786642109975,2024-02-06 12:31:34,222,-0.00220300000000151,0.000919000000010328
"224",39.187376,-96.578656,316.85566080641,2024-02-06 12:31:35,223,-0.00220999999999805,0.00092500000000939
"225",39.187367,-96.578649,316.936100455932,2024-02-06 12:31:36,224,-0.00221899999999664,0.000932000000005928
"226",39.187358,-96.578641,316.998813284561,2024-02-06 12:31:37,225,-0.00222799999999523,0.000939999999999941
"227",39.187349,-96.578634,317.072475356981,2024-02-06 12:31:38,226,-0.00223700000000093,0.000947000000010689
"228",39.187339,-96.578627,317.134704627097,2024-02-06 12:31:39,227,-0.002246999999997,0.000954000000007227
"229",39.187329,-96.57862,317.182583248243,2024-02-06 12:31:40,228,-0.00225700000000018,0.000961000000003764
"230",39.187319,-96.578615,317.222991702147,2024-02-06 12:31:41,229,-0.00226699999999624,0.000966000000005351
"231",39.187308,-96.57861,317.222545467317,2024-02-06 12:31:42,230,-0.00227799999999689,0.000971000000006939
"232",39.187298,-96.578605,317.20514926035,2024-02-06 12:31:43,231,-0.00228800000000007,0.000976000000008526
"233",39.187287,-96.5786,317.19746025186,2024-02-06 12:31:44,232,-0.00229900000000072,0.000981000000010113
"234",39.187277,-96.578595,317.189760093577,2024-02-06 12:31:45,233,-0.00230899999999679,0.000985999999997489
"235",39.187265,-96.57859,317.185987787321,2024-02-06 12:31:46,234,-0.00232100000000202,0.000990999999999076
"236",39.187254,-96.578584,317.189823601395,2024-02-06 12:31:47,235,-0.00233199999999556,0.000996999999998138
"237",39.187242,-96.578578,317.195755750872,2024-02-06 12:31:48,236,-0.00234400000000079,0.00100300000001141
"238",39.187232,-96.578573,317.202419553883,2024-02-06 12:31:49,237,-0.00235399999999686,0.00100799999999879
"239",39.187222,-96.578569,317.209045336582,2024-02-06 12:31:50,238,-0.00236400000000003,0.0010120000000029
"240",39.187212,-96.578565,317.22308484558,2024-02-06 12:31:51,239,-0.0023739999999961,0.00101600000000701
"241",39.187204,-96.578561,317.244217141531,2024-02-06 12:31:52,240,-0.00238199999999722,0.00102000000001112
"242",39.187196,-96.578557,317.272975062951,2024-02-06 12:31:53,241,-0.00238999999999834,0.00102400000000102
"243",39.187187,-96.578551,317.3140525911,2024-02-06 12:31:54,242,-0.00239899999999693,0.00103000000000009
"244",39.187178,-96.578545,317.371880053542,2024-02-06 12:31:55,243,-0.00240799999999552,0.00103599999999915
"245",39.187168,-96.578538,317.431148858741,2024-02-06 12:31:56,244,-0.0024179999999987,0.0010430000000099
"246",39.187158,-96.578532,317.488716235384,2024-02-06 12:31:57,245,-0.00242800000000187,0.00104900000000896
"247",39.187148,-96.578526,317.535528874956,2024-02-06 12:31:58,246,-0.00243799999999794,0.00105500000000802
"248",39.187138,-96.578521,317.572306259535,2024-02-06 12:31:59,247,-0.00244800000000112,0.00106000000000961
"249",39.187129,-96.578517,317.599356845953,2024-02-06 12:32:00,248,-0.00245699999999971,0.00106399999999951
"250",39.187121,-96.578513,317.618924547918,2024-02-06 12:32:01,249,-0.00246500000000083,0.00106800000000362
"251",39.187113,-96.578509,317.608708978631,2024-02-06 12:32:02,250,-0.00247300000000195,0.00107200000000773
"252",39.187103,-96.578506,317.582423049025,2024-02-06 12:32:03,251,-0.00248299999999801,0.00107500000000016
"253",39.187092,-96.578503,317.54136352893,2024-02-06 12:32:04,252,-0.00249399999999866,0.0010780000000068
"254",39.187081,-96.578501,317.498336710036,2024-02-06 12:32:05,253,-0.00250499999999931,0.00108000000000175
"255",39.18707,-96.578499,317.429178644903,2024-02-06 12:32:06,254,-0.00251599999999996,0.00108200000001091
"256",39.187061,-96.578498,317.35429234989,2024-02-06 12:32:07,255,-0.00252499999999856,0.00108300000000838
"257",39.187052,-96.578496,317.270689063706,2024-02-06 12:32:08,256,-0.00253399999999715,0.00108500000000333
"258",39.187043,-96.578493,317.165370577015,2024-02-06 12:32:09,257,-0.00254299999999574,0.00108800000000997
"259",39.187034,-96.578491,317.047708311118,2024-02-06 12:32:10,258,-0.00255200000000144,0.00109000000000492
"260",39.187025,-96.578488,316.923721349798,2024-02-06 12:32:11,259,-0.00256100000000004,0.00109300000001156
"261",39.187016,-96.578484,316.799616021104,2024-02-06 12:32:12,260,-0.00256999999999863,0.00109700000000146
"262",39.187007,-96.57848,316.67202656623,2024-02-06 12:32:13,261,-0.00257899999999722,0.00110100000000557
"263",39.186997,-96.578475,316.557976755314,2024-02-06 12:32:14,262,-0.0025890000000004,0.00110600000000716
"264",39.186986,-96.578469,316.465095243417,2024-02-06 12:32:15,263,-0.00260000000000105,0.00111200000000622
"265",39.186976,-96.578462,316.37422228884,2024-02-06 12:32:16,264,-0.00260999999999711,0.00111900000000276
"266",39.186967,-96.578453,316.279347163625,2024-02-06 12:32:17,265,-0.00261899999999571,0.00112800000000846
"267",39.186958,-96.578444,316.191445872188,2024-02-06 12:32:18,266,-0.00262800000000141,0.00113699999999994
"268",39.18695,-96.578434,316.109892473556,2024-02-06 12:32:19,267,-0.00263599999999542,0.00114700000000312
"269",39.186942,-96.578424,316.040602656081,2024-02-06 12:32:20,268,-0.00264399999999654,0.00115700000000629
"270",39.186934,-96.578416,315.979160679504,2024-02-06 12:32:21,269,-0.00265199999999766,0.0011650000000003
"271",39.186926,-96.578409,315.929649870843,2024-02-06 12:32:22,270,-0.00265999999999877,0.00117200000001105
"272",39.186918,-96.578402,315.887212838046,2024-02-06 12:32:23,271,-0.00266799999999989,0.00117900000000759
"273",39.186909,-96.578396,315.850683717057,2024-02-06 12:32:24,272,-0.00267699999999849,0.00118500000000665
"274",39.186899,-96.578389,315.821829104796,2024-02-06 12:32:25,273,-0.00268700000000166,0.00119200000000319
"275",39.186887,-96.578383,315.797723667696,2024-02-06 12:32:26,274,-0.00269899999999978,0.00119800000000225
"276",39.186875,-96.578378,315.777668260969,2024-02-06 12:32:27,275,-0.00271099999999791,0.00120300000000384
"277",39.186862,-96.578375,315.754603820853,2024-02-06 12:32:28,276,-0.00272400000000061,0.00120600000001048
"278",39.186849,-96.578374,315.731975127012,2024-02-06 12:32:29,277,-0.00273699999999621,0.00120700000000795
"279",39.186837,-96.578375,315.705297744833,2024-02-06 12:32:30,278,-0.00274900000000144,0.00120600000001048
"280",39.186824,-96.578377,315.680054637603,2024-02-06 12:32:31,279,-0.00276199999999704,0.00120400000000132
"281",39.186812,-96.578379,315.661512983963,2024-02-06 12:32:32,280,-0.00277399999999517,0.00120200000000636
"282",39.186801,-96.578382,315.639766820706,2024-02-06 12:32:33,281,-0.00278499999999582,0.00119899999999973
"283",39.18679,-96.578384,315.617589098401,2024-02-06 12:32:34,282,-0.00279599999999647,0.00119700000000478
"284",39.186779,-96.578386,315.593633710407,2024-02-06 12:32:35,283,-0.00280699999999712,0.00119500000000983
"285",39.186768,-96.578387,315.573897823691,2024-02-06 12:32:36,284,-0.00281799999999777,0.00119399999999814
"286",39.186757,-96.578388,315.553284605965,2024-02-06 12:32:37,285,-0.00282899999999842,0.00119300000000067
"287",39.186748,-96.578388,315.537753378041,2024-02-06 12:32:38,286,-0.00283799999999701,0.00119300000000067
"288",39.186738,-96.578389,315.524566369131,2024-02-06 12:32:39,287,-0.00284800000000018,0.00119200000000319
"289",39.186727,-96.578389,315.515299614519,2024-02-06 12:32:40,288,-0.00285900000000083,0.00119200000000319
"290",39.186715,-96.578388,315.503847698681,2024-02-06 12:32:41,289,-0.00287099999999896,0.00119300000000067
"291",39.186702,-96.578387,315.492406099103,2024-02-06 12:32:42,290,-0.00288400000000166,0.00119399999999814
"292",39.186689,-96.578386,315.492071369663,2024-02-06 12:32:43,291,-0.00289699999999726,0.00119500000000983
"293",39.186676,-96.578385,315.497623135336,2024-02-06 12:32:44,292,-0.00290999999999997,0.0011960000000073
"294",39.186664,-96.578383,315.507504506037,2024-02-06 12:32:45,293,-0.00292199999999809,0.00119800000000225
"295",39.186653,-96.578382,315.518610869534,2024-02-06 12:32:46,294,-0.00293299999999874,0.00119899999999973
"296",39.186641,-96.578379,315.536147675477,2024-02-06 12:32:47,295,-0.00294499999999687,0.00120200000000636
"297",39.18663,-96.578375,315.563599935733,2024-02-06 12:32:48,296,-0.00295599999999752,0.00120600000001048
"298",39.186618,-96.578371,315.593294929713,2024-02-06 12:32:49,297,-0.00296799999999564,0.00121000000000038
"299",39.186607,-96.578367,315.621336006559,2024-02-06 12:32:50,298,-0.00297899999999629,0.00121400000000449
"300",39.186595,-96.578365,315.645019317977,2024-02-06 12:32:51,299,-0.00299100000000152,0.00121599999999944
"301",39.186584,-96.578364,315.668479544111,2024-02-06 12:32:52,300,-0.00300199999999506,0.00121700000001113
"302",39.186572,-96.578363,315.69157435745,2024-02-06 12:32:53,301,-0.00301400000000029,0.0012180000000086
"303",39.186561,-96.578362,315.699128428474,2024-02-06 12:32:54,302,-0.00302500000000094,0.00121900000000608
"304",39.186549,-96.578362,315.690268006176,2024-02-06 12:32:55,303,-0.00303699999999907,0.00121900000000608
"305",39.186538,-96.578362,315.657347078435,2024-02-06 12:32:56,304,-0.00304799999999972,0.00121900000000608
"306",39.186526,-96.578362,315.627323382534,2024-02-06 12:32:57,305,-0.00305999999999784,0.00121900000000608
"307",39.186515,-96.578364,315.586943198927,2024-02-06 12:32:58,306,-0.00307099999999849,0.00121700000001113
"308",39.186504,-96.578365,315.544996274635,2024-02-06 12:32:59,307,-0.00308199999999914,0.00121599999999944
"309",39.186491,-96.578368,315.50000286568,2024-02-06 12:33:00,308,-0.00309500000000185,0.00121300000000701
"310",39.18648,-96.57837,315.445265814662,2024-02-06 12:33:01,309,-0.00310599999999539,0.00121099999999785
"311",39.186469,-96.578372,315.36782549601,2024-02-06 12:33:02,310,-0.00311699999999604,0.0012090000000029
"312",39.186459,-96.578375,315.299178434536,2024-02-06 12:33:03,311,-0.00312699999999921,0.00120600000001048
"313",39.186449,-96.578376,315.23739839904,2024-02-06 12:33:04,312,-0.00313699999999528,0.00120499999999879
"314",39.186439,-96.578378,315.175033993088,2024-02-06 12:33:05,313,-0.00314699999999846,0.00120300000000384
"315",39.186428,-96.578378,315.126640608534,2024-02-06 12:33:06,314,-0.00315799999999911,0.00120300000000384
"316",39.186417,-96.578379,315.077051993459,2024-02-06 12:33:07,315,-0.00316899999999976,0.00120200000000636
"317",39.186406,-96.578379,315.035715837963,2024-02-06 12:33:08,316,-0.0031800000000004,0.00120200000000636
"318",39.186393,-96.578379,315.008057835512,2024-02-06 12:33:09,317,-0.003192999999996,0.00120200000000636
"319",39.186381,-96.578379,314.984816849232,2024-02-06 12:33:10,318,-0.00320500000000123,0.00120200000000636
"320",39.186369,-96.578381,314.980326813646,2024-02-06 12:33:11,319,-0.00321699999999936,0.00120000000001141
"321",39.186358,-96.578382,314.985783353448,2024-02-06 12:33:12,320,-0.00322800000000001,0.00119899999999973
"322",39.186347,-96.578383,315.001401006244,2024-02-06 12:33:13,321,-0.00323900000000066,0.00119800000000225
"323",39.186337,-96.578384,315.029346429743,2024-02-06 12:33:14,322,-0.00324899999999673,0.00119700000000478
"324",39.186327,-96.578385,315.069601229392,2024-02-06 12:33:15,323,-0.0032589999999999,0.0011960000000073
"325",39.186317,-96.578386,315.122335994616,2024-02-06 12:33:16,324,-0.00326899999999597,0.00119500000000983
"326",39.186306,-96.578385,315.182304527611,2024-02-06 12:33:17,325,-0.00327999999999662,0.0011960000000073
"327",39.186295,-96.578384,315.257679801434,2024-02-06 12:33:18,326,-0.00329099999999727,0.00119700000000478
"328",39.186284,-96.578384,315.340476227924,2024-02-06 12:33:19,327,-0.00330199999999792,0.00119700000000478
"329",39.186273,-96.578383,315.429728248157,2024-02-06 12:33:20,328,-0.00331299999999857,0.00119800000000225
"330",39.186264,-96.578383,315.522959573194,2024-02-06 12:33:21,329,-0.00332199999999716,0.00119800000000225
"331",39.186255,-96.578382,315.61912773829,2024-02-06 12:33:22,330,-0.00333099999999575,0.00119899999999973
"332",39.186246,-96.578383,315.716528194025,2024-02-06 12:33:23,331,-0.00334000000000145,0.00119800000000225
"333",39.186238,-96.578383,315.815574023873,2024-02-06 12:33:24,332,-0.00334799999999547,0.00119800000000225
"334",39.18623,-96.578382,315.917832605541,2024-02-06 12:33:25,333,-0.00335599999999658,0.00119899999999973
"335",39.186225,-96.578382,316.016377095133,2024-02-06 12:33:26,334,-0.00336099999999817,0.00119899999999973
"336",39.186221,-96.578382,316.111797236837,2024-02-06 12:33:27,335,-0.00336499999999518,0.00119899999999973
"337",39.18622,-96.578381,316.205743007362,2024-02-06 12:33:28,336,-0.00336599999999976,0.00120000000001141
"338",39.186219,-96.578381,316.27188923303,2024-02-06 12:33:29,337,-0.00336699999999723,0.00120000000001141
"339",39.186219,-96.57838,316.326337873936,2024-02-06 12:33:30,338,-0.00336699999999723,0.00120100000000889
"340",39.186219,-96.57838,316.373448976316,2024-02-06 12:33:31,339,-0.00336699999999723,0.00120100000000889
"341",39.18622,-96.578379,316.4116698578,2024-02-06 12:33:32,340,-0.00336599999999976,0.00120200000000636
"342",39.18622,-96.578379,316.440303971991,2024-02-06 12:33:33,341,-0.00336599999999976,0.00120200000000636
"343",39.18622,-96.578378,316.45948566217,2024-02-06 12:33:34,342,-0.00336599999999976,0.00120300000000384
"344",39.186221,-96.578378,316.466542677954,2024-02-06 12:33:35,343,-0.00336499999999518,0.00120300000000384
"345",39.186222,-96.578379,316.471879689954,2024-02-06 12:33:36,344,-0.0033639999999977,0.00120200000000636
"346",39.186223,-96.578379,316.466126187705,2024-02-06 12:33:37,345,-0.00336300000000023,0.00120200000000636
"347",39.186225,-96.57838,316.453764528036,2024-02-06 12:33:38,346,-0.00336099999999817,0.00120100000000889
"348",39.186226,-96.578381,316.436218342744,2024-02-06 12:33:39,347,-0.0033600000000007,0.00120000000001141
"349",39.186227,-96.578382,316.415102922358,2024-02-06 12:33:40,348,-0.00335899999999612,0.00119899999999973
"350",39.186227,-96.578383,316.391888516955,2024-02-06 12:33:41,349,-0.00335899999999612,0.00119800000000225
"351",39.186228,-96.578384,316.367725689895,2024-02-06 12:33:42,350,-0.00335799999999864,0.00119700000000478
"352",39.186229,-96.578384,316.361522724852,2024-02-06 12:33:43,351,-0.00335700000000116,0.00119700000000478
"353",39.186229,-96.578385,316.358581214212,2024-02-06 12:33:44,352,-0.00335700000000116,0.0011960000000073
"354",39.18623,-96.578386,316.359401829541,2024-02-06 12:33:45,353,-0.00335599999999658,0.00119500000000983
"355",39.186231,-96.578387,316.355772318318,2024-02-06 12:33:46,354,-0.00335499999999911,0.00119399999999814
"356",39.186231,-96.578388,316.355652429163,2024-02-06 12:33:47,355,-0.00335499999999911,0.00119300000000067
"357",39.186231,-96.578388,316.355010053143,2024-02-06 12:33:48,356,-0.00335499999999911,0.00119300000000067
"358",39.186232,-96.578388,316.359117151238,2024-02-06 12:33:49,357,-0.00335400000000163,0.00119300000000067
"359",39.186232,-96.578388,316.375785765238,2024-02-06 12:33:50,358,-0.00335400000000163,0.00119300000000067
"360",39.186232,-96.578387,316.398038798943,2024-02-06 12:33:51,359,-0.00335400000000163,0.00119399999999814
"361",39.186232,-96.578386,316.423568844795,2024-02-06 12:33:52,360,-0.00335400000000163,0.00119500000000983
"362",39.186233,-96.578386,316.451593973674,2024-02-06 12:33:53,361,-0.00335299999999705,0.00119500000000983
"363",39.186233,-96.578385,316.481248214841,2024-02-06 12:33:54,362,-0.00335299999999705,0.0011960000000073
"364",39.186233,-96.578385,316.511838486418,2024-02-06 12:33:55,363,-0.00335299999999705,0.0011960000000073
"365",39.186233,-96.578384,316.542952639982,2024-02-06 12:33:56,364,-0.00335299999999705,0.00119700000000478
"366",39.186233,-96.578383,316.574363552034,2024-02-06 12:33:57,365,-0.00335299999999705,0.00119800000000225
"367",39.186232,-96.578382,316.60586964339,2024-02-06 12:33:58,366,-0.00335400000000163,0.00119899999999973
"368",39.186231,-96.578381,316.637178548612,2024-02-06 12:33:59,367,-0.00335499999999911,0.00120000000001141
"369",39.186231,-96.57838,316.66784285102,2024-02-06 12:34:00,368,-0.00335499999999911,0.00120100000000889
"370",39.18623,-96.578379,316.697316627018,2024-02-06 12:34:01,369,-0.00335599999999658,0.00120200000000636
"371",39.18623,-96.578378,316.72511535231,2024-02-06 12:34:02,370,-0.00335599999999658,0.00120300000000384
"372",39.18623,-96.578378,316.7508968357,2024-02-06 12:34:03,371,-0.00335599999999658,0.00120300000000384
"373",39.18623,-96.578378,316.774449247867,2024-02-06 12:34:04,372,-0.00335599999999658,0.00120300000000384
"374",39.18623,-96.578378,316.795667682774,2024-02-06 12:34:05,373,-0.00335599999999658,0.00120300000000384
"375",39.18623,-96.578378,316.814531623386,2024-02-06 12:34:06,374,-0.00335599999999658,0.00120300000000384
"376",39.18623,-96.578377,316.831087125465,2024-02-06 12:34:07,375,-0.00335599999999658,0.00120400000000132
"377",39.18623,-96.578377,316.852427442558,2024-02-06 12:34:08,376,-0.00335599999999658,0.00120400000000132
"378",39.18623,-96.578377,316.873517965898,2024-02-06 12:34:09,377,-0.00335599999999658,0.00120400000000132
"379",39.18623,-96.578377,316.893843051977,2024-02-06 12:34:10,378,-0.00335599999999658,0.00120400000000132
"380",39.18623,-96.578377,316.913571882993,2024-02-06 12:34:11,379,-0.00335599999999658,0.00120400000000132
"381",39.18623,-96.578377,316.932868175209,2024-02-06 12:34:12,380,-0.00335599999999658,0.00120400000000132
"382",39.18623,-96.578377,316.951871987432,2024-02-06 12:34:13,381,-0.00335599999999658,0.00120400000000132
"383",39.18623,-96.578376,316.970630798489,2024-02-06 12:34:14,382,-0.00335599999999658,0.00120499999999879
"384",39.18623,-96.578376,316.989985141903,2024-02-06 12:34:15,383,-0.00335599999999658,0.00120499999999879
"385",39.18623,-96.578376,317.009271752089,2024-02-06 12:34:16,384,-0.00335599999999658,0.00120499999999879
"386",39.18623,-96.578375,317.028377452865,2024-02-06 12:34:17,385,-0.00335599999999658,0.00120600000001048
"387",39.18623,-96.578375,317.047083742917,2024-02-06 12:34:18,386,-0.00335599999999658,0.00120600000001048
"388",39.186231,-96.578374,317.065102477558,2024-02-06 12:34:19,387,-0.00335499999999911,0.00120700000000795
"389",39.186231,-96.578374,317.082173645496,2024-02-06 12:34:20,388,-0.00335499999999911,0.00120700000000795
"390",39.186231,-96.578373,317.098115640692,2024-02-06 12:34:21,389,-0.00335499999999911,0.00120800000000543
"391",39.186231,-96.578373,317.112814620137,2024-02-06 12:34:22,390,-0.00335499999999911,0.00120800000000543
"392",39.186231,-96.578373,317.126209217124,2024-02-06 12:34:23,391,-0.00335499999999911,0.00120800000000543
"393",39.186231,-96.578373,317.138277390972,2024-02-06 12:34:24,392,-0.00335499999999911,0.00120800000000543
"394",39.186231,-96.578372,317.149023222737,2024-02-06 12:34:25,393,-0.00335499999999911,0.0012090000000029
"395",39.186231,-96.578372,317.158473111689,2024-02-06 12:34:26,394,-0.00335499999999911,0.0012090000000029
"396",39.186231,-96.578372,317.16667665448,2024-02-06 12:34:27,395,-0.00335499999999911,0.0012090000000029
"397",39.186231,-96.578372,317.173704466783,2024-02-06 12:34:28,396,-0.00335499999999911,0.0012090000000029
"398",39.186231,-96.578372,317.179641787894,2024-02-06 12:34:29,397,-0.00335499999999911,0.0012090000000029
"399",39.186231,-96.578372,317.184582764283,2024-02-06 12:34:30,398,-0.00335499999999911,0.0012090000000029
"400",39.186231,-96.578372,317.188626099378,2024-02-06 12:34:31,399,-0.00335499999999911,0.0012090000000029
"401",39.186231,-96.578372,317.191871376708,2024-02-06 12:34:32,400,-0.00335499999999911,0.0012090000000029
"402",39.186231,-96.578371,317.19441628363,2024-02-06 12:34:33,401,-0.00335499999999911,0.00121000000000038
"403",39.186231,-96.578371,317.19635441713,2024-02-06 12:34:34,402,-0.00335499999999911,0.00121000000000038
"404",39.186231,-96.578371,317.197773850523,2024-02-06 12:34:35,403,-0.00335499999999911,0.00121000000000038
"405",39.186231,-96.578371,317.198756060563,2024-02-06 12:34:36,404,-0.00335499999999911,0.00121000000000038
"406",39.186231,-96.578371,317.19937533047,2024-02-06 12:34:37,405,-0.00335499999999911,0.00121000000000038
"407",39.186231,-96.578371,317.199698431417,2024-02-06 12:34:38,406,-0.00335499999999911,0.00121000000000038
"408",39.186231,-96.578371,317.200185376219,2024-02-06 12:34:39,407,-0.00335499999999911,0.00121000000000038
"409",39.18623,-96.578371,317.196841202676,2024-02-06 12:34:40,408,-0.00335599999999658,0.00121000000000038
"410",39.18623,-96.57837,317.195113696158,2024-02-06 12:34:41,409,-0.00335599999999658,0.00121099999999785
"411",39.18623,-96.57837,317.187806137837,2024-02-06 12:34:42,410,-0.00335599999999658,0.00121099999999785
"412",39.186229,-96.578369,317.18016105704,2024-02-06 12:34:43,411,-0.00335700000000116,0.00121200000000954
"413",39.186228,-96.578369,317.182097280398,2024-02-06 12:34:44,412,-0.00335799999999864,0.00121200000000954
"414",39.186228,-96.578368,317.19136726018,2024-02-06 12:34:45,413,-0.00335799999999864,0.00121300000000701
"415",39.186227,-96.578368,317.189939552918,2024-02-06 12:34:46,414,-0.00335899999999612,0.00121300000000701
"416",39.186226,-96.578367,317.193015291356,2024-02-06 12:34:47,415,-0.0033600000000007,0.00121400000000449
"417",39.186223,-96.578365,317.211102873087,2024-02-06 12:34:48,416,-0.00336300000000023,0.00121599999999944
"418",39.186219,-96.578363,317.226043027826,2024-02-06 12:34:49,417,-0.00336699999999723,0.0012180000000086
"419",39.186211,-96.57836,317.23294104822,2024-02-06 12:34:50,418,-0.00337499999999835,0.00122100000000103
"420",39.186202,-96.578358,317.231715851463,2024-02-06 12:34:51,419,-0.00338399999999695,0.00122300000001019
"421",39.186191,-96.578356,317.227370424196,2024-02-06 12:34:52,420,-0.00339499999999759,0.00122500000000514
"422",39.186178,-96.578355,317.226391133852,2024-02-06 12:34:53,421,-0.0034080000000003,0.00122600000000261
"423",39.186165,-96.578354,317.23032086622,2024-02-06 12:34:54,422,-0.0034209999999959,0.00122700000000009
"424",39.186152,-96.578355,317.226105649024,2024-02-06 12:34:55,423,-0.0034339999999986,0.00122600000000261
"425",39.186139,-96.578357,317.220750978217,2024-02-06 12:34:56,424,-0.00344700000000131,0.00122400000000766
"426",39.186126,-96.578358,317.210215808824,2024-02-06 12:34:57,425,-0.00345999999999691,0.00122300000001019
"427",39.186113,-96.578358,317.207450382411,2024-02-06 12:34:58,426,-0.00347299999999962,0.00122300000001019
"428",39.1861,-96.578358,317.212264046073,2024-02-06 12:34:59,427,-0.00348599999999522,0.00122300000001019
"429",39.186088,-96.578358,317.218121399172,2024-02-06 12:35:00,428,-0.00349800000000045,0.00122300000001019
"430",39.186076,-96.578358,317.222436016425,2024-02-06 12:35:01,429,-0.00350999999999857,0.00122300000001019
"431",39.186065,-96.578357,317.234668435529,2024-02-06 12:35:02,430,-0.00352099999999922,0.00122400000000766
"432",39.186054,-96.578357,317.247808271088,2024-02-06 12:35:03,431,-0.00353199999999987,0.00122400000000766
"433",39.186043,-96.578356,317.267211887985,2024-02-06 12:35:04,432,-0.00354300000000052,0.00122500000000514
"434",39.186031,-96.578354,317.292396465316,2024-02-06 12:35:05,433,-0.00355499999999864,0.00122700000000009
"435",39.186021,-96.578351,317.311165187508,2024-02-06 12:35:06,434,-0.00356500000000182,0.00123000000000673
"436",39.18601,-96.578347,317.331021019258,2024-02-06 12:35:07,435,-0.00357599999999536,0.00123400000001084
"437",39.185999,-96.578343,317.355283345096,2024-02-06 12:35:08,436,-0.00358699999999601,0.00123800000000074
"438",39.185988,-96.578338,317.377747683786,2024-02-06 12:35:09,437,-0.00359799999999666,0.00124300000000233
"439",39.185976,-96.578333,317.408293424174,2024-02-06 12:35:10,438,-0.00361000000000189,0.00124800000000391
"440",39.185963,-96.578329,317.4445956368,2024-02-06 12:35:11,439,-0.00362299999999749,0.00125200000000802
"441",39.18595,-96.578326,317.475903046317,2024-02-06 12:35:12,440,-0.00363600000000019,0.00125500000000045
"442",39.185937,-96.578326,317.505872441456,2024-02-06 12:35:13,441,-0.00364899999999579,0.00125500000000045
"443",39.185925,-96.578327,317.536494911648,2024-02-06 12:35:14,442,-0.00366100000000102,0.00125400000000297
"444",39.185912,-96.578328,317.564766090363,2024-02-06 12:35:15,443,-0.00367399999999662,0.0012530000000055
"445",39.1859,-96.578329,317.575132244267,2024-02-06 12:35:16,444,-0.00368600000000185,0.00125200000000802
"446",39.185887,-96.57833,317.573707016185,2024-02-06 12:35:17,445,-0.00369899999999745,0.00125100000001055
"447",39.185875,-96.57833,317.565882868133,2024-02-06 12:35:18,446,-0.00371099999999558,0.00125100000001055
"448",39.185862,-96.578331,317.555327728391,2024-02-06 12:35:19,447,-0.00372399999999828,0.00124999999999886
"449",39.18585,-96.578331,317.539211270399,2024-02-06 12:35:20,448,-0.00373599999999641,0.00124999999999886
"450",39.185838,-96.578332,317.514453638345,2024-02-06 12:35:21,449,-0.00374800000000164,0.00124900000000139
"451",39.185825,-96.578333,317.477532834746,2024-02-06 12:35:22,450,-0.00376099999999724,0.00124800000000391
"452",39.185813,-96.578334,317.436693557538,2024-02-06 12:35:23,451,-0.00377299999999536,0.00124700000000644
"453",39.1858,-96.578335,317.390744994394,2024-02-06 12:35:24,452,-0.00378599999999807,0.00124600000000896
"454",39.185788,-96.578336,317.346801839769,2024-02-06 12:35:25,453,-0.00379799999999619,0.00124500000001149
"455",39.185775,-96.578336,317.299392390065,2024-02-06 12:35:26,454,-0.0038109999999989,0.00124500000001149
"456",39.185763,-96.578337,317.259242060594,2024-02-06 12:35:27,455,-0.00382299999999702,0.0012439999999998
"457",39.185753,-96.578338,317.223119037226,2024-02-06 12:35:28,456,-0.0038330000000002,0.00124300000000233
"458",39.185744,-96.578338,317.191929323599,2024-02-06 12:35:29,457,-0.00384199999999879,0.00124300000000233
"459",39.185734,-96.578339,317.160443164408,2024-02-06 12:35:30,458,-0.00385200000000196,0.00124200000000485
"460",39.185724,-96.578339,317.126177292317,2024-02-06 12:35:31,459,-0.00386199999999803,0.00124200000000485
"461",39.185714,-96.578339,317.096403708681,2024-02-06 12:35:32,460,-0.00387200000000121,0.00124200000000485
"462",39.185704,-96.578339,317.074680817313,2024-02-06 12:35:33,461,-0.00388199999999728,0.00124200000000485
"463",39.185693,-96.578339,317.066875727847,2024-02-06 12:35:34,462,-0.00389299999999793,0.00124200000000485
"464",39.185683,-96.578338,317.062854570337,2024-02-06 12:35:35,463,-0.0039030000000011,0.00124300000000233
"465",39.185673,-96.578338,317.055966583081,2024-02-06 12:35:36,464,-0.00391299999999717,0.00124300000000233
"466",39.185662,-96.578337,317.065465597436,2024-02-06 12:35:37,465,-0.00392399999999782,0.0012439999999998
"467",39.185651,-96.578337,317.07587096747,2024-02-06 12:35:38,466,-0.00393499999999847,0.0012439999999998
"468",39.185641,-96.578336,317.094477963634,2024-02-06 12:35:39,467,-0.00394500000000164,0.00124500000001149
"469",39.185631,-96.578336,317.113127006218,2024-02-06 12:35:40,468,-0.00395499999999771,0.00124500000001149
"470",39.185621,-96.578335,317.130135031417,2024-02-06 12:35:41,469,-0.00396500000000088,0.00124600000000896
"471",39.185611,-96.578334,317.145701022819,2024-02-06 12:35:42,470,-0.00397499999999695,0.00124700000000644
"472",39.185602,-96.578333,317.165749899112,2024-02-06 12:35:43,471,-0.00398399999999555,0.00124800000000391
"473",39.185592,-96.578331,317.189227555878,2024-02-06 12:35:44,472,-0.00399399999999872,0.00124999999999886
"474",39.185582,-96.578329,317.213882943615,2024-02-06 12:35:45,473,-0.0040040000000019,0.00125200000000802
"475",39.185572,-96.578328,317.231470300816,2024-02-06 12:35:46,474,-0.00401399999999796,0.0012530000000055
"476",39.185562,-96.578327,317.256146986037,2024-02-06 12:35:47,475,-0.00402400000000114,0.00125400000000297
"477",39.185551,-96.578326,317.279568561353,2024-02-06 12:35:48,476,-0.00403500000000179,0.00125500000000045
"478",39.185541,-96.578325,317.308929485269,2024-02-06 12:35:49,477,-0.00404499999999786,0.00125599999999793
"479",39.185531,-96.578324,317.326879024506,2024-02-06 12:35:50,478,-0.00405500000000103,0.00125700000000961
"480",39.185521,-96.578323,317.336321170442,2024-02-06 12:35:51,479,-0.0040649999999971,0.00125800000000709
"481",39.185511,-96.578323,317.345357916318,2024-02-06 12:35:52,480,-0.00407500000000027,0.00125800000000709
"482",39.185501,-96.578323,317.352507479489,2024-02-06 12:35:53,481,-0.00408499999999634,0.00125800000000709
"483",39.185491,-96.578323,317.363188987598,2024-02-06 12:35:54,482,-0.00409499999999952,0.00125800000000709
"484",39.18548,-96.578323,317.370149478316,2024-02-06 12:35:55,483,-0.00410600000000017,0.00125800000000709
"485",39.185469,-96.578324,317.379771548323,2024-02-06 12:35:56,484,-0.00411700000000081,0.00125700000000961
"486",39.185459,-96.578324,317.386937878095,2024-02-06 12:35:57,485,-0.00412699999999688,0.00125700000000961
"487",39.185448,-96.578323,317.397793188691,2024-02-06 12:35:58,486,-0.00413799999999753,0.00125800000000709
"488",39.185437,-96.578323,317.414212272502,2024-02-06 12:35:59,487,-0.00414899999999818,0.00125800000000709
"489",39.185426,-96.578323,317.438598478213,2024-02-06 12:36:00,488,-0.00415999999999883,0.00125800000000709
"490",39.185415,-96.578323,317.468108256347,2024-02-06 12:36:01,489,-0.00417099999999948,0.00125800000000709
"491",39.185404,-96.578324,317.507793074474,2024-02-06 12:36:02,490,-0.00418200000000013,0.00125700000000961
"492",39.185393,-96.578324,317.552667646669,2024-02-06 12:36:03,491,-0.00419300000000078,0.00125700000000961
"493",39.185382,-96.578324,317.603218145669,2024-02-06 12:36:04,492,-0.00420400000000143,0.00125700000000961
"494",39.185371,-96.578324,317.667383090593,2024-02-06 12:36:05,493,-0.00421499999999497,0.00125700000000961
"495",39.18536,-96.578325,317.729086227715,2024-02-06 12:36:06,494,-0.00422599999999562,0.00125599999999793
"496",39.185349,-96.578325,317.79405734688,2024-02-06 12:36:07,495,-0.00423699999999627,0.00125599999999793
"497",39.185338,-96.578325,317.873205281794,2024-02-06 12:36:08,496,-0.00424799999999692,0.00125599999999793
"498",39.185328,-96.578325,317.94281449262,2024-02-06 12:36:09,497,-0.0042580000000001,0.00125599999999793
"499",39.185317,-96.578325,318.030045546591,2024-02-06 12:36:10,498,-0.00426900000000074,0.00125599999999793
"500",39.185306,-96.578325,318.123344022781,2024-02-06 12:36:11,499,-0.00428000000000139,0.00125599999999793
"501",39.185294,-96.578326,318.201816835441,2024-02-06 12:36:12,500,-0.00429199999999952,0.00125500000000045
"502",39.185283,-96.578326,318.265181432478,2024-02-06 12:36:13,501,-0.00430300000000017,0.00125500000000045
"503",39.185271,-96.578326,318.327405113727,2024-02-06 12:36:14,502,-0.00431499999999829,0.00125500000000045
"504",39.185258,-96.578327,318.390224053524,2024-02-06 12:36:15,503,-0.004328000000001,0.00125400000000297
"505",39.185246,-96.578327,318.454721889459,2024-02-06 12:36:16,504,-0.00433999999999912,0.00125400000000297
"506",39.185234,-96.578327,318.499833369628,2024-02-06 12:36:17,505,-0.00435199999999725,0.00125400000000297
"507",39.185223,-96.578328,318.531714217737,2024-02-06 12:36:18,506,-0.0043629999999979,0.0012530000000055
"508",39.185211,-96.578328,318.556485965848,2024-02-06 12:36:19,507,-0.00437499999999602,0.0012530000000055
"509",39.1852,-96.578329,318.571986160241,2024-02-06 12:36:20,508,-0.00438599999999667,0.00125200000000802
"510",39.185188,-96.578329,318.581466057338,2024-02-06 12:36:21,509,-0.0043980000000019,0.00125200000000802
"511",39.185178,-96.578329,318.581661000848,2024-02-06 12:36:22,510,-0.00440799999999797,0.00125200000000802
"512",39.185168,-96.578329,318.570107830688,2024-02-06 12:36:23,511,-0.00441800000000114,0.00125200000000802
"513",39.185157,-96.578329,318.552347844467,2024-02-06 12:36:24,512,-0.00442900000000179,0.00125200000000802
"514",39.185146,-96.578331,318.528646139428,2024-02-06 12:36:25,513,-0.00443999999999534,0.00124999999999886
"515",39.185135,-96.578333,318.493702105246,2024-02-06 12:36:26,514,-0.00445099999999599,0.00124800000000391
"516",39.185124,-96.578334,318.462097194046,2024-02-06 12:36:27,515,-0.00446199999999664,0.00124700000000644
"517",39.185114,-96.578336,318.434809573926,2024-02-06 12:36:28,516,-0.00447199999999981,0.00124500000001149
"518",39.185103,-96.578337,318.406024071388,2024-02-06 12:36:29,517,-0.00448300000000046,0.0012439999999998
"519",39.185092,-96.578337,318.3748992607,2024-02-06 12:36:30,518,-0.00449400000000111,0.0012439999999998
"520",39.185081,-96.578337,318.345261105336,2024-02-06 12:36:31,519,-0.00450500000000176,0.0012439999999998
"521",39.185069,-96.578336,318.314126214013,2024-02-06 12:36:32,520,-0.00451699999999988,0.00124500000001149
"522",39.185057,-96.578335,318.277047243901,2024-02-06 12:36:33,521,-0.00452899999999801,0.00124600000000896
"523",39.185045,-96.578334,318.252182730474,2024-02-06 12:36:34,522,-0.00454099999999613,0.00124700000000644
"524",39.185034,-96.578332,318.232851255685,2024-02-06 12:36:35,523,-0.00455199999999678,0.00124900000000139
"525",39.185022,-96.57833,318.217474468984,2024-02-06 12:36:36,524,-0.00456400000000201,0.00125100000001055
"526",39.185011,-96.578327,318.199374150485,2024-02-06 12:36:37,525,-0.00457499999999555,0.00125400000000297
"527",39.185,-96.578324,318.183892459609,2024-02-06 12:36:38,526,-0.0045859999999962,0.00125700000000961
"528",39.184989,-96.578322,318.174857893027,2024-02-06 12:36:39,527,-0.00459699999999685,0.00125900000000456
"529",39.184979,-96.57832,318.177006524988,2024-02-06 12:36:40,528,-0.00460700000000003,0.00126099999999951
"530",39.184968,-96.578319,318.184838202782,2024-02-06 12:36:41,529,-0.00461800000000068,0.0012620000000112
"531",39.184956,-96.578318,318.193788553588,2024-02-06 12:36:42,530,-0.0046299999999988,0.00126300000000867
"532",39.184944,-96.578315,318.214775303379,2024-02-06 12:36:43,531,-0.00464199999999693,0.0012660000000011
"533",39.184932,-96.578313,318.242019919679,2024-02-06 12:36:44,532,-0.00465399999999505,0.00126800000001026
"534",39.18492,-96.57831,318.270021655597,2024-02-06 12:36:45,533,-0.00466600000000028,0.00127100000000269
"535",39.184908,-96.578308,318.304820153862,2024-02-06 12:36:46,534,-0.00467799999999841,0.00127299999999764
"536",39.184896,-96.578305,318.347090876661,2024-02-06 12:36:47,535,-0.00468999999999653,0.00127600000000427
"537",39.184883,-96.578304,318.391407071613,2024-02-06 12:36:48,536,-0.00470299999999924,0.00127700000000175
"538",39.184871,-96.578302,318.441735243425,2024-02-06 12:36:49,537,-0.00471499999999736,0.00127900000001091
"539",39.184859,-96.578301,318.496454055421,2024-02-06 12:36:50,538,-0.00472699999999548,0.00128000000000839
"540",39.184848,-96.5783,318.557162565179,2024-02-06 12:36:51,539,-0.00473799999999613,0.00128100000000586
"541",39.184836,-96.578299,318.615011718124,2024-02-06 12:36:52,540,-0.00475000000000136,0.00128200000000334
"542",39.184825,-96.578298,318.676668331958,2024-02-06 12:36:53,541,-0.00476100000000201,0.00128300000000081
"543",39.184813,-96.578298,318.73486157041,2024-02-06 12:36:54,542,-0.00477300000000014,0.00128300000000081
"544",39.184802,-96.578297,318.784116862342,2024-02-06 12:36:55,543,-0.00478400000000079,0.00128399999999829
"545",39.184791,-96.578297,318.82320304215,2024-02-06 12:36:56,544,-0.00479500000000144,0.00128399999999829
"546",39.18478,-96.578297,318.858490038663,2024-02-06 12:36:57,545,-0.00480599999999498,0.00128399999999829
"547",39.184769,-96.578296,318.879621627741,2024-02-06 12:36:58,546,-0.00481699999999563,0.00128500000000997
"548",39.184758,-96.578296,318.894643045962,2024-02-06 12:36:59,547,-0.00482799999999628,0.00128500000000997
"549",39.184747,-96.578296,318.906996310689,2024-02-06 12:37:00,548,-0.00483899999999693,0.00128500000000997
"550",39.184736,-96.578297,318.917285382748,2024-02-06 12:37:01,549,-0.00484999999999758,0.00128399999999829
"551",39.184725,-96.578298,318.927672307938,2024-02-06 12:37:02,550,-0.00486099999999823,0.00128300000000081
"552",39.184715,-96.578299,318.926681076176,2024-02-06 12:37:03,551,-0.0048710000000014,0.00128200000000334
"553",39.184705,-96.5783,318.911739383824,2024-02-06 12:37:04,552,-0.00488099999999747,0.00128100000000586
"554",39.184695,-96.578301,318.892178573646,2024-02-06 12:37:05,553,-0.00489100000000064,0.00128000000000839
"555",39.184685,-96.578303,318.864629453979,2024-02-06 12:37:06,554,-0.00490099999999671,0.00127799999999922
"556",39.184675,-96.578305,318.829153927043,2024-02-06 12:37:07,555,-0.00491099999999989,0.00127600000000427
"557",39.184666,-96.578307,318.783291199245,2024-02-06 12:37:08,556,-0.00491999999999848,0.00127400000000932
"558",39.184656,-96.578309,318.731612999924,2024-02-06 12:37:09,557,-0.00493000000000166,0.00127200000000016
"559",39.184647,-96.57831,318.670085171238,2024-02-06 12:37:10,558,-0.00493900000000025,0.00127100000000269
"560",39.184637,-96.578312,318.595735670067,2024-02-06 12:37:11,559,-0.00494899999999632,0.00126900000000774
"561",39.184627,-96.578313,318.517044781707,2024-02-06 12:37:12,560,-0.00495899999999949,0.00126800000001026
"562",39.184617,-96.578314,318.429498873651,2024-02-06 12:37:13,561,-0.00496899999999556,0.00126699999999857
"563",39.184608,-96.578316,318.332777262665,2024-02-06 12:37:14,562,-0.00497800000000126,0.00126500000000362
"564",39.184599,-96.578317,318.230300953612,2024-02-06 12:37:15,563,-0.00498699999999985,0.00126400000000615
"565",39.18459,-96.578319,318.120416532271,2024-02-06 12:37:16,564,-0.00499599999999845,0.0012620000000112
"566",39.18458,-96.57832,318.008604184724,2024-02-06 12:37:17,565,-0.00500600000000162,0.00126099999999951
"567",39.184571,-96.578322,317.900721196085,2024-02-06 12:37:18,566,-0.00501500000000021,0.00125900000000456
"568",39.184562,-96.578323,317.798846094869,2024-02-06 12:37:19,567,-0.00502399999999881,0.00125800000000709
"569",39.184552,-96.578324,317.691913282499,2024-02-06 12:37:20,568,-0.00503400000000198,0.00125700000000961
"570",39.184542,-96.578325,317.595994508825,2024-02-06 12:37:21,569,-0.00504399999999805,0.00125599999999793
"571",39.184532,-96.578325,317.495960090309,2024-02-06 12:37:22,570,-0.00505400000000122,0.00125599999999793
"572",39.184522,-96.578325,317.397142302245,2024-02-06 12:37:23,571,-0.00506399999999729,0.00125599999999793
"573",39.184511,-96.578325,317.301682706922,2024-02-06 12:37:24,572,-0.00507499999999794,0.00125599999999793
"574",39.184501,-96.578325,317.211621259339,2024-02-06 12:37:25,573,-0.00508500000000112,0.00125599999999793
"575",39.184492,-96.578325,317.140721073374,2024-02-06 12:37:26,574,-0.00509399999999971,0.00125599999999793
"576",39.184482,-96.578325,317.076255545951,2024-02-06 12:37:27,575,-0.00510399999999578,0.00125599999999793
"577",39.184472,-96.578324,317.011683691293,2024-02-06 12:37:28,576,-0.00511399999999895,0.00125700000000961
"578",39.184463,-96.578323,316.966193399392,2024-02-06 12:37:29,577,-0.00512299999999755,0.00125800000000709
"579",39.184453,-96.578322,316.933700928465,2024-02-06 12:37:30,578,-0.00513300000000072,0.00125900000000456
"580",39.184444,-96.578322,316.912123681977,2024-02-06 12:37:31,579,-0.00514199999999931,0.00125900000000456
"581",39.184434,-96.578321,316.903907691128,2024-02-06 12:37:32,580,-0.00515199999999538,0.00126000000000204
"582",39.184425,-96.578322,316.910932393745,2024-02-06 12:37:33,581,-0.00516100000000108,0.00125900000000456
"583",39.184415,-96.578321,316.935567149892,2024-02-06 12:37:34,582,-0.00517099999999715,0.00126000000000204
"584",39.184405,-96.578321,316.974453183822,2024-02-06 12:37:35,583,-0.00518100000000032,0.00126000000000204
"585",39.184395,-96.57832,317.022696529515,2024-02-06 12:37:36,584,-0.00519099999999639,0.00126099999999951
"586",39.184385,-96.578319,317.085682354867,2024-02-06 12:37:37,585,-0.00520099999999957,0.0012620000000112
"587",39.184375,-96.578318,317.148469857872,2024-02-06 12:37:38,586,-0.00521099999999564,0.00126300000000867
"588",39.184364,-96.578316,317.219795837067,2024-02-06 12:37:39,587,-0.00522199999999629,0.00126500000000362
"589",39.184353,-96.578315,317.307049364783,2024-02-06 12:37:40,588,-0.00523299999999693,0.0012660000000011
"590",39.184342,-96.578312,317.396434273571,2024-02-06 12:37:41,589,-0.00524399999999758,0.00126900000000774
"591",39.184331,-96.57831,317.487733486108,2024-02-06 12:37:42,590,-0.00525499999999823,0.00127100000000269
"592",39.18432,-96.578309,317.575312701054,2024-02-06 12:37:43,591,-0.00526599999999888,0.00127200000000016
"593",39.18431,-96.578307,317.66148782149,2024-02-06 12:37:44,592,-0.00527599999999495,0.00127400000000932
"594",39.1843,-96.578306,317.742721634917,2024-02-06 12:37:45,593,-0.00528599999999813,0.0012750000000068
"595",39.18429,-96.578304,317.815117671154,2024-02-06 12:37:46,594,-0.0052960000000013,0.00127700000000175
"596",39.18428,-96.578303,317.881787095219,2024-02-06 12:37:47,595,-0.00530599999999737,0.00127799999999922
"597",39.184271,-96.578301,317.941610792652,2024-02-06 12:37:48,596,-0.00531499999999596,0.00128000000000839
"598",39.184262,-96.578301,317.994215258397,2024-02-06 12:37:49,597,-0.00532400000000166,0.00128000000000839
"599",39.184254,-96.5783,318.039366695099,2024-02-06 12:37:50,598,-0.00533199999999567,0.00128100000000586
"600",39.184246,-96.5783,318.076979862526,2024-02-06 12:37:51,599,-0.00533999999999679,0.00128100000000586
"601",39.18424,-96.578299,318.072354380041,2024-02-06 12:37:52,600,-0.00534599999999585,0.00128200000000334
"602",39.184235,-96.5783,318.047848701477,2024-02-06 12:37:53,601,-0.00535099999999744,0.00128100000000586
"603",39.184232,-96.5783,318.00712050125,2024-02-06 12:37:54,602,-0.00535399999999697,0.00128100000000586
"604",39.184231,-96.578301,317.946391187608,2024-02-06 12:37:55,603,-0.00535500000000155,0.00128000000000839
"605",39.184231,-96.578302,317.866670942865,2024-02-06 12:37:56,604,-0.00535500000000155,0.00127900000001091
"606",39.184232,-96.578303,317.769912407734,2024-02-06 12:37:57,605,-0.00535399999999697,0.00127799999999922
"607",39.184233,-96.578304,317.657654372044,2024-02-06 12:37:58,606,-0.0053529999999995,0.00127700000000175
"608",39.184234,-96.578306,317.530952385627,2024-02-06 12:37:59,607,-0.00535200000000202,0.0012750000000068
"609",39.184235,-96.578309,317.391811695881,2024-02-06 12:38:00,608,-0.00535099999999744,0.00127200000000016
"610",39.184236,-96.578312,317.245694471523,2024-02-06 12:38:01,609,-0.00534999999999997,0.00126900000000774
"611",39.184237,-96.578317,317.093821199611,2024-02-06 12:38:02,610,-0.00534899999999539,0.00126400000000615
"612",39.184238,-96.578321,316.935501433909,2024-02-06 12:38:03,611,-0.00534799999999791,0.00126000000000204
"613",39.184239,-96.578325,316.780478087254,2024-02-06 12:38:04,612,-0.00534700000000043,0.00125599999999793
"614",39.18424,-96.578329,316.628336222842,2024-02-06 12:38:05,613,-0.00534599999999585,0.00125200000000802
"615",39.184241,-96.578332,316.481580364518,2024-02-06 12:38:06,614,-0.00534499999999838,0.00124900000000139
"616",39.184243,-96.578335,316.342233076692,2024-02-06 12:38:07,615,-0.00534299999999632,0.00124600000000896
"617",39.184244,-96.578338,316.211903523654,2024-02-06 12:38:08,616,-0.00534199999999885,0.00124300000000233
"618",39.184245,-96.578342,316.096160632558,2024-02-06 12:38:09,617,-0.00534100000000137,0.00123899999999821
"619",39.184245,-96.578345,315.986776913516,2024-02-06 12:38:10,618,-0.00534100000000137,0.00123600000000579
"620",39.184246,-96.578348,315.887937550433,2024-02-06 12:38:11,619,-0.00533999999999679,0.00123299999999915
"621",39.184246,-96.578351,315.809472449124,2024-02-06 12:38:12,620,-0.00533999999999679,0.00123000000000673
"622",39.184247,-96.578353,315.741562760435,2024-02-06 12:38:13,621,-0.00533899999999932,0.00122799999999756
"623",39.184247,-96.578355,315.676173175685,2024-02-06 12:38:14,622,-0.00533899999999932,0.00122600000000261
"624",39.184248,-96.578357,315.622216793709,2024-02-06 12:38:15,623,-0.00533800000000184,0.00122400000000766
"625",39.184249,-96.578358,315.574904350564,2024-02-06 12:38:16,624,-0.00533699999999726,0.00122300000001019
"626",39.18425,-96.578359,315.533710671589,2024-02-06 12:38:17,625,-0.00533599999999979,0.0012219999999985
"627",39.18425,-96.57836,315.498948258348,2024-02-06 12:38:18,626,-0.00533599999999979,0.00122100000000103
"628",39.184251,-96.578361,315.469651261344,2024-02-06 12:38:19,627,-0.0053349999999952,0.00122000000000355
"629",39.184252,-96.578362,315.444901043549,2024-02-06 12:38:20,628,-0.00533399999999773,0.00121900000000608
"630",39.184252,-96.578363,315.423872916028,2024-02-06 12:38:21,629,-0.00533399999999773,0.0012180000000086
"631",39.184252,-96.578364,315.405798426829,2024-02-06 12:38:22,630,-0.00533399999999773,0.00121700000001113
"632",39.184252,-96.578365,315.389999235049,2024-02-06 12:38:23,631,-0.00533399999999773,0.00121599999999944
"633",39.184252,-96.578366,315.392542647198,2024-02-06 12:38:24,632,-0.00533399999999773,0.00121500000000196
"634",39.184252,-96.578366,315.399057641625,2024-02-06 12:38:25,633,-0.00533399999999773,0.00121500000000196
"635",39.184253,-96.578366,315.409469580278,2024-02-06 12:38:26,634,-0.00533300000000025,0.00121500000000196
"636",39.184253,-96.578367,315.43291314505,2024-02-06 12:38:27,635,-0.00533300000000025,0.00121400000000449
"637",39.184253,-96.578367,315.461518614553,2024-02-06 12:38:28,636,-0.00533300000000025,0.00121400000000449
"638",39.184254,-96.578367,315.495041981339,2024-02-06 12:38:29,637,-0.00533199999999567,0.00121400000000449
"639",39.184254,-96.578367,315.533232180402,2024-02-06 12:38:30,638,-0.00533199999999567,0.00121400000000449
"640",39.184254,-96.578367,315.575706625357,2024-02-06 12:38:31,639,-0.00533199999999567,0.00121400000000449
"641",39.184254,-96.578368,315.621917473152,2024-02-06 12:38:32,640,-0.00533199999999567,0.00121300000000701
"642",39.184253,-96.578368,315.671110597439,2024-02-06 12:38:33,641,-0.00533300000000025,0.00121300000000701
"643",39.184253,-96.578368,315.722277746536,2024-02-06 12:38:34,642,-0.00533300000000025,0.00121300000000701
"644",39.184253,-96.578368,315.774235921912,2024-02-06 12:38:35,643,-0.00533300000000025,0.00121300000000701
"645",39.184252,-96.578368,315.825830841437,2024-02-06 12:38:36,644,-0.00533399999999773,0.00121300000000701
"646",39.184252,-96.578369,315.876011836343,2024-02-06 12:38:37,645,-0.00533399999999773,0.00121200000000954
"647",39.184252,-96.578369,315.923849408515,2024-02-06 12:38:38,646,-0.00533399999999773,0.00121200000000954
"648",39.184253,-96.578369,315.968630206771,2024-02-06 12:38:39,647,-0.00533300000000025,0.00121200000000954
"649",39.184253,-96.578369,316.009883130901,2024-02-06 12:38:40,648,-0.00533300000000025,0.00121200000000954
"650",39.184253,-96.578369,316.047336785123,2024-02-06 12:38:41,649,-0.00533300000000025,0.00121200000000954
"651",39.184253,-96.578369,316.080881438218,2024-02-06 12:38:42,650,-0.00533300000000025,0.00121200000000954
"652",39.184253,-96.578369,316.110534747131,2024-02-06 12:38:43,651,-0.00533300000000025,0.00121200000000954
"653",39.184253,-96.578369,316.136411527172,2024-02-06 12:38:44,652,-0.00533300000000025,0.00121200000000954
"654",39.184253,-96.578369,316.158698851243,2024-02-06 12:38:45,653,-0.00533300000000025,0.00121200000000954
"655",39.184253,-96.578369,316.177635182627,2024-02-06 12:38:46,654,-0.00533300000000025,0.00121200000000954
"656",39.184253,-96.578369,316.193491505459,2024-02-06 12:38:47,655,-0.00533300000000025,0.00121200000000954
"657",39.184253,-96.578369,316.206558020785,2024-02-06 12:38:48,656,-0.00533300000000025,0.00121200000000954
"658",39.184253,-96.578369,316.217131109908,2024-02-06 12:38:49,657,-0.00533300000000025,0.00121200000000954
"659",39.184253,-96.578369,316.225504391827,2024-02-06 12:38:50,658,-0.00533300000000025,0.00121200000000954
"660",39.184253,-96.578369,316.231961966492,2024-02-06 12:38:51,659,-0.00533300000000025,0.00121200000000954
"661",39.184253,-96.578369,316.236773014069,2024-02-06 12:38:52,660,-0.00533300000000025,0.00121200000000954
"662",39.184253,-96.578369,316.240188345313,2024-02-06 12:38:53,661,-0.00533300000000025,0.00121200000000954
"663",39.184253,-96.578369,316.242437708192,2024-02-06 12:38:54,662,-0.00533300000000025,0.00121200000000954
"664",39.184253,-96.578369,316.243728942238,2024-02-06 12:38:55,663,-0.00533300000000025,0.00121200000000954
"665",39.184253,-96.578369,316.244247333147,2024-02-06 12:38:56,664,-0.00533300000000025,0.00121200000000954
"666",39.184253,-96.578369,316.244156062603,2024-02-06 12:38:57,665,-0.00533300000000025,0.00121200000000954
"667",39.184253,-96.578369,316.243596913293,2024-02-06 12:38:58,666,-0.00533300000000025,0.00121200000000954
"668",39.184253,-96.578369,316.242691477761,2024-02-06 12:38:59,667,-0.00533300000000025,0.00121200000000954
"669",39.184253,-96.578369,316.241542611271,2024-02-06 12:39:00,668,-0.00533300000000025,0.00121200000000954
"670",39.184253,-96.578369,316.240236025304,2024-02-06 12:39:01,669,-0.00533300000000025,0.00121200000000954
"671",39.184253,-96.578369,316.238841942511,2024-02-06 12:39:02,670,-0.00533300000000025,0.00121200000000954
"672",39.184253,-96.578369,316.237416809425,2024-02-06 12:39:03,671,-0.00533300000000025,0.00121200000000954
"673",39.184253,-96.578369,316.236004987732,2024-02-06 12:39:04,672,-0.00533300000000025,0.00121200000000954
"674",39.184253,-96.578369,316.248976505361,2024-02-06 12:39:05,673,-0.00533300000000025,0.00121200000000954
"675",39.184253,-96.578369,316.262261865661,2024-02-06 12:39:06,674,-0.00533300000000025,0.00121200000000954
"676",39.184253,-96.578369,316.273182762787,2024-02-06 12:39:07,675,-0.00533300000000025,0.00121200000000954
"677",39.184253,-96.578369,316.284031718038,2024-02-06 12:39:08,676,-0.00533300000000025,0.00121200000000954
"678",39.184254,-96.57837,316.298734695651,2024-02-06 12:39:09,677,-0.00533199999999567,0.00121099999999785
"679",39.184254,-96.57837,316.301500421017,2024-02-06 12:39:10,678,-0.00533199999999567,0.00121099999999785
"680",39.184255,-96.578371,316.297433581203,2024-02-06 12:39:11,679,-0.0053309999999982,0.00121000000000038
"681",39.184256,-96.578372,316.304277430288,2024-02-06 12:39:12,680,-0.00533000000000072,0.0012090000000029
"682",39.184258,-96.578373,316.310846657492,2024-02-06 12:39:13,681,-0.00532799999999867,0.00120800000000543
"683",39.18426,-96.578375,316.316783706658,2024-02-06 12:39:14,682,-0.00532599999999661,0.00120600000001048
"684",39.184262,-96.578377,316.321650490165,2024-02-06 12:39:15,683,-0.00532400000000166,0.00120400000000132
"685",39.184264,-96.578379,316.325032896362,2024-02-06 12:39:16,684,-0.0053219999999996,0.00120200000000636
"686",39.184265,-96.578381,316.326744828373,2024-02-06 12:39:17,685,-0.00532099999999502,0.00120000000001141
"687",39.184266,-96.578382,316.326872979291,2024-02-06 12:39:18,686,-0.00531999999999755,0.00119899999999973
"688",39.184267,-96.578383,316.325681912713,2024-02-06 12:39:19,687,-0.00531900000000007,0.00119800000000225
"689",39.184267,-96.578384,316.323581774719,2024-02-06 12:39:20,688,-0.00531900000000007,0.00119700000000478
"690",39.184266,-96.578385,316.321059746668,2024-02-06 12:39:21,689,-0.00531999999999755,0.0011960000000073
